[{"contributors": null, "coordinates": null, "created_at": "=", "display_text_range": [310563], "entities": {"hashtags": [{"indices": [101365, -861994, -782810, 697015, -281171, 49134, -937575], "text": "ysH\u000b:o_y"}], "symbols": [{"indices": [364990, -60443], "text": "I[$dJz"}, {"indices": [753434, 665461, 776443, -796783], "text": "D=pGX+/p"}, {"indices": [285437, 99306, -314017, 763440, 10892, -404503, 841756], "text": "]~@e!T"}, {"indices": [315071], "text": "bKO"}], "urls": [{"display_url": ",vkNTqMWx+", "expanded_url": "J", "indices": [-119892], "url": "E:a"}, {"display_url": "", "expanded_url": "\\M7O", "indices": [-205896, 213741, 242555, 29384, -8506, -279437, -694198], "url": "m\tlal"}, {"display_url": "/DAC$\u000b z%s", "expanded_url": "\ts ", "indices": [], "url": "|iw:H"}, {"display_url": "w{R%pq>rpy", "expanded_url": "p", "indices": [-468263, -864575, 939534, 305399, 304950], "url": ""}, {"display_url": "BhL'", "expanded_url": ">x&K", "indices": [], "url": "Gr"}, {"display_url": "q?j1++1", "expanded_url": ";S", "indices": [-254921], "url": ""}], "user_mentions": [{"id": 635083, "id_str": "\n6\u000bM", "indices": [27273, 149179, -374173, 647648, -769125], "name": "c#\f", "screen_name": "mNWg;=Ky"}, {"id": 905948, "id_str": "SL1ku", "indices": [-948363, 196709, 824057, 481380, 372422], "name": "U[G7*", "screen_name": "|x}D3,Rx"}, {"id": -49964, "id_str": "i)%", "indices": [81299, -481210, -535871, 533642, 13239, 958958, -99968, 911189, -908516], "name": "ib!S{`e", "screen_name": "( r.f+4-"}, {"id": 239980, "id_str": "<Uu", "indices": [885201, -241227, -646597, 953036, -650852, -127934, -809945, 543752, -662658], "name": ">m\\>", "screen_name": "h;&KbgxN`"}, {"id": -845908, "id_str": "ijD", "indices": [876754, 513808, 520527, -527881], "name": "K1IQ", "screen_name": ")q"}, {"id": 300469, "id_str": ".s*u$7n", "indices": [773698, 197570, 562531, 669208, -59973], "name": "U|%7T\f", "screen_name": ":"}, {"id": 104307, "id_str": "", "indices": [-270742, 133784, 724686, -974039, -501627, -694821], "name": "", "screen_name": "Tc0scC4,Wa"}, {"id": -77955, "id_str": "", "indices": [279206, -101707, -561979, -409591, -222853, -556744], "name": "\\20Q\\^\\l5>", "screen_name": "JF {_*"}, {"id": 135258, "id_str": "", "indices": [397348, 66195, 830842, -371838, -759285, 74614, 592250, -162619, 149836, 146734], "name": "\\s\t", "screen_name": "O1GN\fre\f"}], "media": [{"display_url": "\ncP2u+", "expanded_url": ">i.t\n!X\\H", "id": -339861, "id_str": "", "indices": [], "media_url": "", "media_url_https": "", "sizes": {"large": {"h": -649761, "resize": "E>x", "w": 308256}, "medium": {"h": 155716, "resize": "\"m\\\u000b*={O", "w": 629254}, "small": {"h": -547913, "resize": "}^S ", "w": -816812}, "thumb": {"h": -45398, "resize": "~5d5I5ysy", "w": 510836}}, "type": "", "url": "37r48L}(", "source_status_id": 630645, "source_user_id_str": "~HQ]6\r"}, {"display_url": "GG`H~D:t", "expanded_url": "Lzk", "id": 266766, "id_str": "H'p", "indices": [779160, 104978], "media_url": "cy5h2", "media_url_https": "y.'0i-", "sizes": {"large": {"h": 432256, "resize": "~nCIv\r{q", "w": -638527}, "medium": {"h": 584407, "resize": "{p", "w": -874539}, "small": {"h": 220078, "resize": "a", "w": 47589}, "thumb": {"h": -311487, "resize": "~)Dh^TyC%\f", "w": 421582}}, "type": "Up", "url": "{-oe", "source_status_id_str": "#M", "source_user_id_str": ""}, {"display_url": "", "expanded_url": "N|z:y", "id": 60510, "id_str": "n", "indices": [-231608], "media_url": "", "media_url_https": "Bt\\\n$b", "sizes": {"large": {"h": 767488, "resize": "-UF:!MNz", "w": -344177}, "medium": {"h": 37857, "resize": "\nS{ao", "w": 613026}, "small": {"h": -723048, "resize": "~QED`E", "w": 496785}, "thumb": {"h": -334017, "resize": "", "w": -372297}}, "type": "tT~U xH", "url": "{tmOohY"}, {"display_url": "}", "expanded_url": "@)\u000bEVLK.BB", "id": -142955, "id_str": "+c", "indices": [-924742, -354154, 480453, -55010, -774360, 588449, -621893, 869989, 51230, 617947], "media_url": "iHD&s", "media_url_https": "Z7lY\fw", "sizes": {"large": {"h": 568954, "resize": "(?Q\\,", "w": 135042}, "medium": {"h": -702310, "resize": "YHN", "w": 58588}, "small": {"h": 404897, "resize": "?~3hi_", "w": 573914}, "thumb": {"h": 673302, "resize": "", "w": -591475}}, "type": "sD',N", "url": "vk!4EqN2(u"}, {"display_url": "McuD", "expanded_url": "! 50 N<", "id": -294981, "id_str": "", "indices": [668912], "media_url": "P}.n9&(\nv", "media_url_https": "z^!QUbj", "sizes": {"large": {"h": 859097, "resize": "[.*NAT:@W", "w": 284289}, "medium": {"h": 899500, "resize": "#\\", "w": 841272}, "small": {"h": -51825, "resize": "SCUZmgv+", "w": 964987}, "thumb": {"h": -633032, "resize": "Rs(v\\y_", "w": 248970}}, "type": ":j@r^j", "url": "qyG-39L,<", "source_status_id": 503496}, {"display_url": "{?C9M;", "expanded_url": "W", "id": 930192, "id_str": "0j/{>{", "indices": [44154, -564132, 363856, 287652, -676487, 499693, 679673, 490239, -598777, -894423], "media_url": "Z", "media_url_https": "VRGLU`B", "sizes": {"large": {"h": -33805, "resize": " ", "w": 988806}, "medium": {"h": 918527, "resize": "F", "w": 26586}, "small": {"h": -477659, "resize": "\"{Ka0;", "w": -495033}, "thumb": {"h": 927679, "resize": "5*{xFlL;", "w": 728442}}, "type": "!&}6bO", "url": "GbX", "source_user_id": 893178, "source_status_id": -349624, "source_status_id_str": "", "source_user_id_str": "w*\f m|"}]}, "favorite_count": -246866, "favorited": false, "full_text": "i=", "geo": null, "id": -329078, "id_str": "P", "in_reply_to_screen_name": "dt<n\n7!]$\u000b", "in_reply_to_status_id": null, "in_reply_to_status_id_str": null, "in_reply_to_user_id": null, "in_reply_to_user_id_str": "X[^", "is_quote_status": true, "lang": "4'a", "metadata": {"iso_language_code": "", "result_type": "K6?k.%"}, "place": null, "retweet_count": 977095, "retweeted": false, "source": "P]\tM?yK^", "truncated": false, "user": {"contributors_enabled": false, "created_at": "$b`92", "default_profile": true, "default_profile_image": false, "description": "", "entities": {"description": {"urls": [{"display_url": "~'/&LD4sD", "expanded_url": "as}{8:", "indices": [103079], "url": ""}, {"display_url": "", "expanded_url": "i6WGaw+", "indices": [-29913, -309228, 28765, 654600, -825665, 132237, 859425, 355066, 959831, 870024], "url": "#a:/Qc0L"}]}, "url": {"urls": [{"display_url": "7U>U3", "expanded_url": "(", "indices": [-287154, -901346, -297162], "url": "v*{*{ ("}, {"display_url": "", "expanded_url": "3;>", "indices": [-356003, -530806, 156374, 33395, -929767, 747239, 850293, -528303, -242688, 612129], "url": "W,D"}, {"display_url": " )-OgV\u000bU", "expanded_url": "tZz!A", "indices": [-838847, -638011, 65901], "url": "z%lOQ9"}, {"display_url": "'", "expanded_url": "\t!,HYy/Ssw", "indices": [-64690, 340853, 678621, 34201, 503163, -517994, -221320], "url": "%\r"}, {"display_url": "z", "expanded_url": "w#e7^gw#!", "indices": [728601, 8384], "url": "xZa)l95dy"}, {"display_url": "?\re", "expanded_url": "zBEx]|&L", "indices": [178506, -854442, -770305, -662332, 365446, -475096], "url": "/.Ms\tSM"}, {"display_url": "-6U?ES-W>", "expanded_url": "Y!k", "indices": [], "url": "\u000bD"}]}}, "favourites_count": 225276, "follow_request_sent": true, "followers_count": 722966, "following": true, "friends_count": -305068, "geo_enabled": false, "has_extended_profile": true, "id": -728858, "id_str": "Q}", "is_translation_enabled": false, "is_translator": true, "lang": null, "listed_count": 231939, "location": "*3\u000b2qyz", "name": "JO\\:Ri", "notifications": true, "profile_background_color": "Zbf%Y{p", "profile_background_image_url": "/^kzt[NEs", "profile_background_image_url_https": "m8*", "profile_background_tile": false, "profile_image_url": "Gyc_nX", "profile_image_url_https": "q|", "profile_link_color": "BH", "profile_sidebar_border_color": "7Gm1~", "profile_sidebar_fill_color": "PG", "profile_text_color": "\t", "profile_use_background_image": false, "protected": false, "screen_name": "e;-k", "statuses_count": -869438, "time_zone": null, "translator_type": "YLjx6l", "url": null, "utc_offset": null, "verified": false}, "quoted_status_id_str": "\\V\"@2hF#", "possibly_sensitive": true, "quoted_status_id": 307496}, {"contributors": null, "coordinates": null, "created_at": ":v", "display_text_range": [-645174, 557000, -358295, -353762, -40458, -538216, -903423, -543311], "entities": {"hashtags": [], "symbols": [{"indices": [397526, 287101, -915687, -382215, -287269, -838407, -110597, -122986, 28865], "text": "}\u000b@N!G("}, {"indices": [13570, -961202, -829675, -400753, 494983, -687652, -343076], "text": "CH"}, {"indices": [-39768, 696292], "text": "9YD=]"}, {"indices": [719213, -766538, -402491, -126355, 201120], "text": "+4$\ftNjA|6"}, {"indices": [-158634, -75996, -721020, 2147, -42800, 100077], "text": "ND6Y(DX"}], "urls": [{"display_url": "nQV", "expanded_url": "4+nj?", "indices": [-696057, 549964, -47464, -825033, -672447], "url": "5/("}, {"display_url": "TK1k\"", "expanded_url": "auHZ^", "indices": [800108, 503882, -538166, 375190, 673127, 142598, 521373], "url": "L%6\f{I{"}, {"display_url": ">'+gogZvq", "expanded_url": "P^>tT*6", "indices": [-863689, 588473, -292261], "url": "o"}, {"display_url": "!", "expanded_url": "7^cbO\nHW", "indices": [940780, 432041, 174775, 818735, 372672, -448644, 215361, 698690, -471991], "url": "Fcm"}], "user_mentions": [{"id": 861647, "id_str": "Ijqgme", "indices": [-923375, -1840, -120180, -585678, 171562, 435825], "name": "pL", "screen_name": "XGY\"Y`Fx=I"}, {"id": 746227, "id_str": "|T`U+u#", "indices": [-329773, -68538, 211303, 795913, 228438, -273209, 949568, -838706, 222993, -682470], "name": "t< \"*K\u000bvV", "screen_name": "Q,.<z:4Lgl"}, {"id": 283456, "id_str": "2=G$iu4#R", "indices": [88930, -909, -342278, -980479], "name": "HPQ15t", "screen_name": "oZ@Uwc]rO"}, {"id": -943143, "id_str": " 1^", "indices": [-181243, 208148, -426440, -687758, 691840, 512494], "name": "JW6GdX]", "screen_name": "~Vx"}, {"id": 605867, "id_str": "(Og%[?-&o-", "indices": [825665, -136071, -76111, -289290, -348785], "name": "ib1+]", "screen_name": "l_d\\)+ZbU!"}, {"id": -935448, "id_str": "PvNxDxO-", "indices": [37811, 90984, -611420, 540761, -750716], "name": "wSvm55", "screen_name": "fe *@@"}, {"id": -491299, "id_str": "G|S#", "indices": [-124545, 763589, -273345, 488651, 867908, -166172, 290197, 312013], "name": " *2[4", "screen_name": ""}, {"id": 37703, "id_str": "ZL<w.hdYPE", "indices": [-748191], "name": "gpu", "screen_name": "@wAgb"}], "media": [{"display_url": "7BcJ", "expanded_url": "Mmy-!E", "id": 273005, "id_str": "$e6", "indices": [-941616, -39480, 301406, 941788, 79196, -847614, 290822, 715195], "media_url": "V", "media_url_https": ";n.8:fFK\r", "sizes": {"large": {"h": 579696, "resize": "7)u!fJN", "w": 74290}, "medium": {"h": -189774, "resize": "L\r", "w": 433724}, "small": {"h": -125791, "resize": "d'\r|l6:", "w": -922102}, "thumb": {"h": -551532, "resize": " ,Kfg", "w": -614903}}, "type": "VIRO[k9j", "url": " %z", "source_user_id_str": "Y0mb/H7L&", "source_user_id": -266958}, {"display_url": "+-RO", "expanded_url": "q", "id": -792496, "id_str": "K9@K*13", "indices": [-392348, -550140, -668702], "media_url": "A~s(rA", "media_url_https": "|bn\r<", "sizes": {"large": {"h": -669211, "resize": "", "w": 82576}, "medium": {"h": 587313, "resize": "}l", "w": -10182}, "small": {"h": -285029, "resize": "O", "w": 945084}, "thumb": {"h": -455620, "resize": "MoD^c1", "w": -648540}}, "type": " euhB", "url": "Ic\f\"AUp"}]}, "favorite_count": 936722, "favorited": true, "full_text": "!S=Il\fn", "geo": null, "id": -943375, "id_str": "B", "in_reply_to_screen_name": "92$Vl\f\u000b]p0", "in_reply_to_status_id": -370875, "in_reply_to_status_id_str": "e@1cE$pq9C", "in_reply_to_user_id": -675380, "in_reply_to_user_id_str": null, "is_quote_status": true, "lang": "pIz,wT\\8", "metadata": {"iso_language_code": "2", "result_type": ":Inp7D~"}, "place": null, "retweet_count": -927301, "retweeted": true, "source": "&m", "truncated": false, "user": {"contributors_enabled": true, "created_at": "`?7", "default_profile": true, "default_profile_image": true, "description": "j-OA`ax/k", "entities": {"description": {"urls": [{"display_url": "(IlB\t", "expanded_url": "Z]B+~Mb2", "indices": [-185190], "url": "8^r\f`ka ^8"}, {"display_url": "9", "expanded_url": "zZXD=6k$", "indices": [-248367, -40185, -644738, -880169], "url": "HE"}, {"display_url": "", "expanded_url": "", "indices": [], "url": ""}, {"display_url": "bm :i;u'%", "expanded_url": "=TH'", "indices": [-486819, 781730, -812254, 650804, -218289, -306681, 994390, 554634, -862127], "url": "0l+lA9"}, {"display_url": "wXuBoTkCAJ", "expanded_url": "=", "indices": [545296, -376489, -338494, -349781], "url": "z>XJ5g"}, {"display_url": "W,25o\nZTn", "expanded_url": "$m<#Z4C", "indices": [-965314], "url": ""}, {"display_url": "C/\"_4dv#", "expanded_url": "\ty", "indices": [564759, 418157, -847968, 132628, 632713, -358293, 664853, -744793, -824445], "url": "D=V_VU"}, {"display_url": "v2\u000b*\u000b\u000bQ", "expanded_url": "V]", "indices": [776633], "url": "!jO+2qzg w"}, {"display_url": "_zewhT^", "expanded_url": "=0;=1m0", "indices": [937648, 702769, -892491, -511063, 868756, 736980], "url": "^[M'"}]}}, "favourites_count": 740080, "follow_request_sent": true, "followers_count": -805887, "following": true, "friends_count": 363096, "geo_enabled": false, "has_extended_profile": true, "id": 239127, "id_str": "tWim", "is_translation_enabled": false, "is_translator": false, "lang": null, "listed_count": 329688, "location": "3d\\*>", "name": "a&L&", "notifications": false, "profile_background_color": "", "profile_background_image_url": "", "profile_background_image_url_https": "BgohtI", "profile_background_tile": false, "profile_image_url": "Pa.t~", "profile_image_url_https": "1tx^`[e", "profile_link_color": "ID{Kyx", "profile_sidebar_border_color": "Xl'7", "profile_sidebar_fill_color": "L_a7_a+Ab$", "profile_text_color": "H3j|P5\\\f", "profile_use_background_image": true, "protected": false, "screen_name": "Jf}\u000bS3Pl^w", "statuses_count": -605707, "time_zone": null, "translator_type": "", "url": null, "utc_offset": null, "verified": true}, "quoted_status_id": -464563}]