{"$schema": "http://json-schema.org/schema#", "items": {"properties": {"contributors": {"type": "null"}, "coordinates": {"type": "null"}, "created_at": {"type": "string"}, "display_text_range": {"items": {"type": "integer"}, "type": "array"}, "entities": {"properties": {"hashtags": {"items": {"properties": {"indices": {"items": {"type": "integer"}, "type": "array"}, "text": {"type": "string"}}, "required": ["indices", "text"], "type": "object"}, "type": "array"}, "media": {"items": {"properties": {"display_url": {"type": "string"}, "expanded_url": {"type": "string"}, "id": {"type": "integer"}, "id_str": {"type": "string"}, "indices": {"items": {"type": "integer"}, "type": "array"}, "media_url": {"type": "string"}, "media_url_https": {"type": "string"}, "sizes": {"properties": {"large": {"properties": {"h": {"type": "integer"}, "resize": {"type": "string"}, "w": {"type": "integer"}}, "required": ["h", "resize", "w"], "type": "object"}, "medium": {"properties": {"h": {"type": "integer"}, "resize": {"type": "string"}, "w": {"type": "integer"}}, "required": ["h", "resize", "w"], "type": "object"}, "small": {"properties": {"h": {"type": "integer"}, "resize": {"type": "string"}, "w": {"type": "integer"}}, "required": ["h", "resize", "w"], "type": "object"}, "thumb": {"properties": {"h": {"type": "integer"}, "resize": {"type": "string"}, "w": {"type": "integer"}}, "required": ["h", "resize", "w"], "type": "object"}}, "required": ["large", "medium", "small", "thumb"], "type": "object"}, "source_status_id": {"type": "integer"}, "source_status_id_str": {"type": "string"}, "source_user_id": {"type": "integer"}, "source_user_id_str": {"type": "string"}, "type": {"type": "string"}, "url": {"type": "string"}}, "required": ["display_url", "expanded_url", "id", "id_str", "indices", "media_url", "media_url_https", "sizes", "type", "url"], "type": "object"}, "type": "array"}, "symbols": {"items": {"properties": {"indices": {"items": {"type": "integer"}, "type": "array"}, "text": {"type": "string"}}, "required": ["indices", "text"], "type": "object"}, "type": "array"}, "urls": {"items": {"properties": {"display_url": {"type": "string"}, "expanded_url": {"type": "string"}, "indices": {"items": {"type": "integer"}, "type": "array"}, "url": {"type": "string"}}, "required": ["display_url", "expanded_url", "indices", "url"], "type": "object"}, "type": "array"}, "user_mentions": {"items": {"properties": {"id": {"type": "integer"}, "id_str": {"type": "string"}, "indices": {"items": {"type": "integer"}, "type": "array"}, "name": {"type": "string"}, "screen_name": {"type": "string"}}, "required": ["id", "id_str", "indices", "name", "screen_name"], "type": "object"}, "type": "array"}}, "required": ["hashtags", "symbols", "urls", "user_mentions"], "type": "object"}, "extended_entities": {"properties": {"media": {"items": {"properties": {"additional_media_info": {"properties": {"monetizable": {"type": "boolean"}, "source_user": {"properties": {"contributors_enabled": {"type": "boolean"}, "created_at": {"type": "string"}, "default_profile": {"type": "boolean"}, "default_profile_image": {"type": "boolean"}, "description": {"type": "string"}, "entities": {"properties": {"description": {"properties": {"urls": {"items": {"properties": {"display_url": {"type": "string"}, "expanded_url": {"type": "string"}, "indices": {"items": {"type": "integer"}, "type": "array"}, "url": {"type": "string"}}, "required": ["display_url", "expanded_url", "indices", "url"], "type": "object"}, "type": "array"}}, "required": ["urls"], "type": "object"}, "url": {"properties": {"urls": {"items": {"properties": {"display_url": {"type": "string"}, "expanded_url": {"type": "string"}, "indices": {"items": {"type": "integer"}, "type": "array"}, "url": {"type": "string"}}, "required": ["display_url", "expanded_url", "indices", "url"], "type": "object"}, "type": "array"}}, "required": ["urls"], "type": "object"}}, "required": ["description"], "type": "object"}, "favourites_count": {"type": "integer"}, "follow_request_sent": {"type": "boolean"}, "followers_count": {"type": "integer"}, "following": {"type": "boolean"}, "friends_count": {"type": "integer"}, "geo_enabled": {"type": "boolean"}, "has_extended_profile": {"type": "boolean"}, "id": {"type": "integer"}, "id_str": {"type": "string"}, "is_translation_enabled": {"type": "boolean"}, "is_translator": {"type": "boolean"}, "lang": {"type": "null"}, "listed_count": {"type": "integer"}, "location": {"type": "string"}, "name": {"type": "string"}, "notifications": {"type": "boolean"}, "profile_background_color": {"type": "string"}, "profile_background_image_url": {"type": ["null", "string"]}, "profile_background_image_url_https": {"type": ["null", "string"]}, "profile_background_tile": {"type": "boolean"}, "profile_banner_url": {"type": "string"}, "profile_image_url": {"type": "string"}, "profile_image_url_https": {"type": "string"}, "profile_link_color": {"type": "string"}, "profile_sidebar_border_color": {"type": "string"}, "profile_sidebar_fill_color": {"type": "string"}, "profile_text_color": {"type": "string"}, "profile_use_background_image": {"type": "boolean"}, "protected": {"type": "boolean"}, "screen_name": {"type": "string"}, "statuses_count": {"type": "integer"}, "time_zone": {"type": "null"}, "translator_type": {"type": "string"}, "url": {"type": ["null", "string"]}, "utc_offset": {"type": "null"}, "verified": {"type": "boolean"}}, "required": ["contributors_enabled", "created_at", "default_profile", "default_profile_image", "description", "entities", "favourites_count", "follow_request_sent", "followers_count", "following", "friends_count", "geo_enabled", "has_extended_profile", "id", "id_str", "is_translation_enabled", "is_translator", "lang", "listed_count", "location", "name", "notifications", "profile_background_color", "profile_background_image_url", "profile_background_image_url_https", "profile_background_tile", "profile_banner_url", "profile_image_url", "profile_image_url_https", "profile_link_color", "profile_sidebar_border_color", "profile_sidebar_fill_color", "profile_text_color", "profile_use_background_image", "protected", "screen_name", "statuses_count", "time_zone", "translator_type", "url", "utc_offset", "verified"], "type": "object"}}, "required": ["monetizable"], "type": "object"}, "display_url": {"type": "string"}, "expanded_url": {"type": "string"}, "id": {"type": "integer"}, "id_str": {"type": "string"}, "indices": {"items": {"type": "integer"}, "type": "array"}, "media_url": {"type": "string"}, "media_url_https": {"type": "string"}, "sizes": {"properties": {"large": {"properties": {"h": {"type": "integer"}, "resize": {"type": "string"}, "w": {"type": "integer"}}, "required": ["h", "resize", "w"], "type": "object"}, "medium": {"properties": {"h": {"type": "integer"}, "resize": {"type": "string"}, "w": {"type": "integer"}}, "required": ["h", "resize", "w"], "type": "object"}, "small": {"properties": {"h": {"type": "integer"}, "resize": {"type": "string"}, "w": {"type": "integer"}}, "required": ["h", "resize", "w"], "type": "object"}, "thumb": {"properties": {"h": {"type": "integer"}, "resize": {"type": "string"}, "w": {"type": "integer"}}, "required": ["h", "resize", "w"], "type": "object"}}, "required": ["large", "medium", "small", "thumb"], "type": "object"}, "source_status_id": {"type": "integer"}, "source_status_id_str": {"type": "string"}, "source_user_id": {"type": "integer"}, "source_user_id_str": {"type": "string"}, "type": {"type": "string"}, "url": {"type": "string"}, "video_info": {"properties": {"aspect_ratio": {"items": {"type": "integer"}, "type": "array"}, "duration_millis": {"type": "integer"}, "variants": {"items": {"properties": {"bitrate": {"type": "integer"}, "content_type": {"type": "string"}, "url": {"type": "string"}}, "required": ["content_type", "url"], "type": "object"}, "type": "array"}}, "required": ["aspect_ratio", "variants"], "type": "object"}}, "required": ["display_url", "expanded_url", "id", "id_str", "indices", "media_url", "media_url_https", "sizes", "type", "url"], "type": "object"}, "type": "array"}}, "required": ["media"], "type": "object"}, "favorite_count": {"type": "integer"}, "favorited": {"type": "boolean"}, "full_text": {"type": "string"}, "geo": {"type": "null"}, "id": {"type": "integer"}, "id_str": {"type": "string"}, "in_reply_to_screen_name": {"type": ["null", "string"]}, "in_reply_to_status_id": {"type": ["integer", "null"]}, "in_reply_to_status_id_str": {"type": ["null", "string"]}, "in_reply_to_user_id": {"type": ["integer", "null"]}, "in_reply_to_user_id_str": {"type": ["null", "string"]}, "is_quote_status": {"type": "boolean"}, "lang": {"type": "string"}, "metadata": {"properties": {"iso_language_code": {"type": "string"}, "result_type": {"type": "string"}}, "required": ["iso_language_code", "result_type"], "type": "object"}, "place": {"anyOf": [{"type": "null"}, {"properties": {"attributes": {"type": "object"}, "bounding_box": {"properties": {"coordinates": {"items": {"items": {"items": {"type": "number"}, "type": "array"}, "type": "array"}, "type": "array"}, "type": {"type": "string"}}, "required": ["coordinates", "type"], "type": "object"}, "contained_within": {"type": "array"}, "country": {"type": "string"}, "country_code": {"type": "string"}, "full_name": {"type": "string"}, "id": {"type": "string"}, "name": {"type": "string"}, "place_type": {"type": "string"}, "url": {"type": "string"}}, "required": ["attributes", "bounding_box", "contained_within", "country", "country_code", "full_name", "id", "name", "place_type", "url"], "type": "object"}]}, "possibly_sensitive": {"type": "boolean"}, "quoted_status": {"properties": {"contributors": {"type": "null"}, "coordinates": {"type": "null"}, "created_at": {"type": "string"}, "display_text_range": {"items": {"type": "integer"}, "type": "array"}, "entities": {"properties": {"hashtags": {"items": {"properties": {"indices": {"items": {"type": "integer"}, "type": "array"}, "text": {"type": "string"}}, "required": ["indices", "text"], "type": "object"}, "type": "array"}, "media": {"items": {"properties": {"display_url": {"type": "string"}, "expanded_url": {"type": "string"}, "id": {"type": "integer"}, "id_str": {"type": "string"}, "indices": {"items": {"type": "integer"}, "type": "array"}, "media_url": {"type": "string"}, "media_url_https": {"type": "string"}, "sizes": {"properties": {"large": {"properties": {"h": {"type": "integer"}, "resize": {"type": "string"}, "w": {"type": "integer"}}, "required": ["h", "resize", "w"], "type": "object"}, "medium": {"properties": {"h": {"type": "integer"}, "resize": {"type": "string"}, "w": {"type": "integer"}}, "required": ["h", "resize", "w"], "type": "object"}, "small": {"properties": {"h": {"type": "integer"}, "resize": {"type": "string"}, "w": {"type": "integer"}}, "required": ["h", "resize", "w"], "type": "object"}, "thumb": {"properties": {"h": {"type": "integer"}, "resize": {"type": "string"}, "w": {"type": "integer"}}, "required": ["h", "resize", "w"], "type": "object"}}, "required": ["large", "medium", "small", "thumb"], "type": "object"}, "type": {"type": "string"}, "url": {"type": "string"}}, "required": ["display_url", "expanded_url", "id", "id_str", "indices", "media_url", "media_url_https", "sizes", "type", "url"], "type": "object"}, "type": "array"}, "symbols": {"items": {"properties": {"indices": {"items": {"type": "integer"}, "type": "array"}, "text": {"type": "string"}}, "required": ["indices", "text"], "type": "object"}, "type": "array"}, "urls": {"items": {"properties": {"display_url": {"type": "string"}, "expanded_url": {"type": "string"}, "indices": {"items": {"type": "integer"}, "type": "array"}, "url": {"type": "string"}}, "required": ["display_url", "expanded_url", "indices", "url"], "type": "object"}, "type": "array"}, "user_mentions": {"type": "array"}}, "required": ["hashtags", "symbols", "urls", "user_mentions"], "type": "object"}, "extended_entities": {"properties": {"media": {"items": {"properties": {"display_url": {"type": "string"}, "expanded_url": {"type": "string"}, "id": {"type": "integer"}, "id_str": {"type": "string"}, "indices": {"items": {"type": "integer"}, "type": "array"}, "media_url": {"type": "string"}, "media_url_https": {"type": "string"}, "sizes": {"properties": {"large": {"properties": {"h": {"type": "integer"}, "resize": {"type": "string"}, "w": {"type": "integer"}}, "required": ["h", "resize", "w"], "type": "object"}, "medium": {"properties": {"h": {"type": "integer"}, "resize": {"type": "string"}, "w": {"type": "integer"}}, "required": ["h", "resize", "w"], "type": "object"}, "small": {"properties": {"h": {"type": "integer"}, "resize": {"type": "string"}, "w": {"type": "integer"}}, "required": ["h", "resize", "w"], "type": "object"}, "thumb": {"properties": {"h": {"type": "integer"}, "resize": {"type": "string"}, "w": {"type": "integer"}}, "required": ["h", "resize", "w"], "type": "object"}}, "required": ["large", "medium", "small", "thumb"], "type": "object"}, "type": {"type": "string"}, "url": {"type": "string"}}, "required": ["display_url", "expanded_url", "id", "id_str", "indices", "media_url", "media_url_https", "sizes", "type", "url"], "type": "object"}, "type": "array"}}, "required": ["media"], "type": "object"}, "favorite_count": {"type": "integer"}, "favorited": {"type": "boolean"}, "full_text": {"type": "string"}, "geo": {"type": "null"}, "id": {"type": "integer"}, "id_str": {"type": "string"}, "in_reply_to_screen_name": {"type": "null"}, "in_reply_to_status_id": {"type": "null"}, "in_reply_to_status_id_str": {"type": "null"}, "in_reply_to_user_id": {"type": "null"}, "in_reply_to_user_id_str": {"type": "null"}, "is_quote_status": {"type": "boolean"}, "lang": {"type": "string"}, "metadata": {"properties": {"iso_language_code": {"type": "string"}, "result_type": {"type": "string"}}, "required": ["iso_language_code", "result_type"], "type": "object"}, "place": {"type": "null"}, "possibly_sensitive": {"type": "boolean"}, "quoted_status_id": {"type": "integer"}, "quoted_status_id_str": {"type": "string"}, "retweet_count": {"type": "integer"}, "retweeted": {"type": "boolean"}, "source": {"type": "string"}, "truncated": {"type": "boolean"}, "user": {"properties": {"contributors_enabled": {"type": "boolean"}, "created_at": {"type": "string"}, "default_profile": {"type": "boolean"}, "default_profile_image": {"type": "boolean"}, "description": {"type": "string"}, "entities": {"properties": {"description": {"properties": {"urls": {"items": {"properties": {"display_url": {"type": "string"}, "expanded_url": {"type": "string"}, "indices": {"items": {"type": "integer"}, "type": "array"}, "url": {"type": "string"}}, "required": ["display_url", "expanded_url", "indices", "url"], "type": "object"}, "type": "array"}}, "required": ["urls"], "type": "object"}, "url": {"properties": {"urls": {"items": {"properties": {"display_url": {"type": "string"}, "expanded_url": {"type": "string"}, "indices": {"items": {"type": "integer"}, "type": "array"}, "url": {"type": "string"}}, "required": ["display_url", "expanded_url", "indices", "url"], "type": "object"}, "type": "array"}}, "required": ["urls"], "type": "object"}}, "required": ["description"], "type": "object"}, "favourites_count": {"type": "integer"}, "follow_request_sent": {"type": "boolean"}, "followers_count": {"type": "integer"}, "following": {"type": "boolean"}, "friends_count": {"type": "integer"}, "geo_enabled": {"type": "boolean"}, "has_extended_profile": {"type": "boolean"}, "id": {"type": "integer"}, "id_str": {"type": "string"}, "is_translation_enabled": {"type": "boolean"}, "is_translator": {"type": "boolean"}, "lang": {"type": "null"}, "listed_count": {"type": "integer"}, "location": {"type": "string"}, "name": {"type": "string"}, "notifications": {"type": "boolean"}, "profile_background_color": {"type": "string"}, "profile_background_image_url": {"type": ["null", "string"]}, "profile_background_image_url_https": {"type": ["null", "string"]}, "profile_background_tile": {"type": "boolean"}, "profile_banner_url": {"type": "string"}, "profile_image_url": {"type": "string"}, "profile_image_url_https": {"type": "string"}, "profile_link_color": {"type": "string"}, "profile_sidebar_border_color": {"type": "string"}, "profile_sidebar_fill_color": {"type": "string"}, "profile_text_color": {"type": "string"}, "profile_use_background_image": {"type": "boolean"}, "protected": {"type": "boolean"}, "screen_name": {"type": "string"}, "statuses_count": {"type": "integer"}, "time_zone": {"type": "null"}, "translator_type": {"type": "string"}, "url": {"type": ["null", "string"]}, "utc_offset": {"type": "null"}, "verified": {"type": "boolean"}}, "required": ["contributors_enabled", "created_at", "default_profile", "default_profile_image", "description", "entities", "favourites_count", "follow_request_sent", "followers_count", "following", "friends_count", "geo_enabled", "has_extended_profile", "id", "id_str", "is_translation_enabled", "is_translator", "lang", "listed_count", "location", "name", "notifications", "profile_background_color", "profile_background_image_url", "profile_background_image_url_https", "profile_background_tile", "profile_image_url", "profile_image_url_https", "profile_link_color", "profile_sidebar_border_color", "profile_sidebar_fill_color", "profile_text_color", "profile_use_background_image", "protected", "screen_name", "statuses_count", "time_zone", "translator_type", "url", "utc_offset", "verified"], "type": "object"}}, "required": ["contributors", "coordinates", "created_at", "display_text_range", "entities", "favorite_count", "favorited", "full_text", "geo", "id", "id_str", "in_reply_to_screen_name", "in_reply_to_status_id", "in_reply_to_status_id_str", "in_reply_to_user_id", "in_reply_to_user_id_str", "is_quote_status", "lang", "metadata", "place", "retweet_count", "retweeted", "source", "truncated", "user"], "type": "object"}, "quoted_status_id": {"type": "integer"}, "quoted_status_id_str": {"type": "string"}, "retweet_count": {"type": "integer"}, "retweeted": {"type": "boolean"}, "retweeted_status": {"properties": {"contributors": {"type": "null"}, "coordinates": {"type": "null"}, "created_at": {"type": "string"}, "display_text_range": {"items": {"type": "integer"}, "type": "array"}, "entities": {"properties": {"hashtags": {"items": {"properties": {"indices": {"items": {"type": "integer"}, "type": "array"}, "text": {"type": "string"}}, "required": ["indices", "text"], "type": "object"}, "type": "array"}, "media": {"items": {"properties": {"display_url": {"type": "string"}, "expanded_url": {"type": "string"}, "id": {"type": "integer"}, "id_str": {"type": "string"}, "indices": {"items": {"type": "integer"}, "type": "array"}, "media_url": {"type": "string"}, "media_url_https": {"type": "string"}, "sizes": {"properties": {"large": {"properties": {"h": {"type": "integer"}, "resize": {"type": "string"}, "w": {"type": "integer"}}, "required": ["h", "resize", "w"], "type": "object"}, "medium": {"properties": {"h": {"type": "integer"}, "resize": {"type": "string"}, "w": {"type": "integer"}}, "required": ["h", "resize", "w"], "type": "object"}, "small": {"properties": {"h": {"type": "integer"}, "resize": {"type": "string"}, "w": {"type": "integer"}}, "required": ["h", "resize", "w"], "type": "object"}, "thumb": {"properties": {"h": {"type": "integer"}, "resize": {"type": "string"}, "w": {"type": "integer"}}, "required": ["h", "resize", "w"], "type": "object"}}, "required": ["large", "medium", "small", "thumb"], "type": "object"}, "source_status_id": {"type": "integer"}, "source_status_id_str": {"type": "string"}, "source_user_id": {"type": "integer"}, "source_user_id_str": {"type": "string"}, "type": {"type": "string"}, "url": {"type": "string"}}, "required": ["display_url", "expanded_url", "id", "id_str", "indices", "media_url", "media_url_https", "sizes", "type", "url"], "type": "object"}, "type": "array"}, "symbols": {"items": {"properties": {"indices": {"items": {"type": "integer"}, "type": "array"}, "text": {"type": "string"}}, "required": ["indices", "text"], "type": "object"}, "type": "array"}, "urls": {"items": {"properties": {"display_url": {"type": "string"}, "expanded_url": {"type": "string"}, "indices": {"items": {"type": "integer"}, "type": "array"}, "url": {"type": "string"}}, "required": ["display_url", "expanded_url", "indices", "url"], "type": "object"}, "type": "array"}, "user_mentions": {"items": {"properties": {"id": {"type": "integer"}, "id_str": {"type": "string"}, "indices": {"items": {"type": "integer"}, "type": "array"}, "name": {"type": "string"}, "screen_name": {"type": "string"}}, "required": ["id", "id_str", "indices", "name", "screen_name"], "type": "object"}, "type": "array"}}, "required": ["hashtags", "symbols", "urls", "user_mentions"], "type": "object"}, "extended_entities": {"properties": {"media": {"items": {"properties": {"additional_media_info": {"properties": {"monetizable": {"type": "boolean"}, "source_user": {"properties": {"contributors_enabled": {"type": "boolean"}, "created_at": {"type": "string"}, "default_profile": {"type": "boolean"}, "default_profile_image": {"type": "boolean"}, "description": {"type": "string"}, "entities": {"properties": {"description": {"properties": {"urls": {"type": "array"}}, "required": ["urls"], "type": "object"}, "url": {"properties": {"urls": {"items": {"properties": {"display_url": {"type": "string"}, "expanded_url": {"type": "string"}, "indices": {"items": {"type": "integer"}, "type": "array"}, "url": {"type": "string"}}, "required": ["display_url", "expanded_url", "indices", "url"], "type": "object"}, "type": "array"}}, "required": ["urls"], "type": "object"}}, "required": ["description"], "type": "object"}, "favourites_count": {"type": "integer"}, "follow_request_sent": {"type": "boolean"}, "followers_count": {"type": "integer"}, "following": {"type": "boolean"}, "friends_count": {"type": "integer"}, "geo_enabled": {"type": "boolean"}, "has_extended_profile": {"type": "boolean"}, "id": {"type": "integer"}, "id_str": {"type": "string"}, "is_translation_enabled": {"type": "boolean"}, "is_translator": {"type": "boolean"}, "lang": {"type": "null"}, "listed_count": {"type": "integer"}, "location": {"type": "string"}, "name": {"type": "string"}, "notifications": {"type": "boolean"}, "profile_background_color": {"type": "string"}, "profile_background_image_url": {"type": ["null", "string"]}, "profile_background_image_url_https": {"type": ["null", "string"]}, "profile_background_tile": {"type": "boolean"}, "profile_banner_url": {"type": "string"}, "profile_image_url": {"type": "string"}, "profile_image_url_https": {"type": "string"}, "profile_link_color": {"type": "string"}, "profile_sidebar_border_color": {"type": "string"}, "profile_sidebar_fill_color": {"type": "string"}, "profile_text_color": {"type": "string"}, "profile_use_background_image": {"type": "boolean"}, "protected": {"type": "boolean"}, "screen_name": {"type": "string"}, "statuses_count": {"type": "integer"}, "time_zone": {"type": "null"}, "translator_type": {"type": "string"}, "url": {"type": ["null", "string"]}, "utc_offset": {"type": "null"}, "verified": {"type": "boolean"}}, "required": ["contributors_enabled", "created_at", "default_profile", "default_profile_image", "description", "entities", "favourites_count", "follow_request_sent", "followers_count", "following", "friends_count", "geo_enabled", "has_extended_profile", "id", "id_str", "is_translation_enabled", "is_translator", "lang", "listed_count", "location", "name", "notifications", "profile_background_color", "profile_background_image_url", "profile_background_image_url_https", "profile_background_tile", "profile_image_url", "profile_image_url_https", "profile_link_color", "profile_sidebar_border_color", "profile_sidebar_fill_color", "profile_text_color", "profile_use_background_image", "protected", "screen_name", "statuses_count", "time_zone", "translator_type", "url", "utc_offset", "verified"], "type": "object"}}, "required": ["monetizable"], "type": "object"}, "display_url": {"type": "string"}, "expanded_url": {"type": "string"}, "id": {"type": "integer"}, "id_str": {"type": "string"}, "indices": {"items": {"type": "integer"}, "type": "array"}, "media_url": {"type": "string"}, "media_url_https": {"type": "string"}, "sizes": {"properties": {"large": {"properties": {"h": {"type": "integer"}, "resize": {"type": "string"}, "w": {"type": "integer"}}, "required": ["h", "resize", "w"], "type": "object"}, "medium": {"properties": {"h": {"type": "integer"}, "resize": {"type": "string"}, "w": {"type": "integer"}}, "required": ["h", "resize", "w"], "type": "object"}, "small": {"properties": {"h": {"type": "integer"}, "resize": {"type": "string"}, "w": {"type": "integer"}}, "required": ["h", "resize", "w"], "type": "object"}, "thumb": {"properties": {"h": {"type": "integer"}, "resize": {"type": "string"}, "w": {"type": "integer"}}, "required": ["h", "resize", "w"], "type": "object"}}, "required": ["large", "medium", "small", "thumb"], "type": "object"}, "source_status_id": {"type": "integer"}, "source_status_id_str": {"type": "string"}, "source_user_id": {"type": "integer"}, "source_user_id_str": {"type": "string"}, "type": {"type": "string"}, "url": {"type": "string"}, "video_info": {"properties": {"aspect_ratio": {"items": {"type": "integer"}, "type": "array"}, "duration_millis": {"type": "integer"}, "variants": {"items": {"properties": {"bitrate": {"type": "integer"}, "content_type": {"type": "string"}, "url": {"type": "string"}}, "required": ["content_type", "url"], "type": "object"}, "type": "array"}}, "required": ["aspect_ratio", "variants"], "type": "object"}}, "required": ["display_url", "expanded_url", "id", "id_str", "indices", "media_url", "media_url_https", "sizes", "type", "url"], "type": "object"}, "type": "array"}}, "required": ["media"], "type": "object"}, "favorite_count": {"type": "integer"}, "favorited": {"type": "boolean"}, "full_text": {"type": "string"}, "geo": {"type": "null"}, "id": {"type": "integer"}, "id_str": {"type": "string"}, "in_reply_to_screen_name": {"type": ["null", "string"]}, "in_reply_to_status_id": {"type": ["integer", "null"]}, "in_reply_to_status_id_str": {"type": ["null", "string"]}, "in_reply_to_user_id": {"type": ["integer", "null"]}, "in_reply_to_user_id_str": {"type": ["null", "string"]}, "is_quote_status": {"type": "boolean"}, "lang": {"type": "string"}, "metadata": {"properties": {"iso_language_code": {"type": "string"}, "result_type": {"type": "string"}}, "required": ["iso_language_code", "result_type"], "type": "object"}, "place": {"anyOf": [{"type": "null"}, {"properties": {"attributes": {"type": "object"}, "bounding_box": {"properties": {"coordinates": {"items": {"items": {"items": {"type": "number"}, "type": "array"}, "type": "array"}, "type": "array"}, "type": {"type": "string"}}, "required": ["coordinates", "type"], "type": "object"}, "contained_within": {"type": "array"}, "country": {"type": "string"}, "country_code": {"type": "string"}, "full_name": {"type": "string"}, "id": {"type": "string"}, "name": {"type": "string"}, "place_type": {"type": "string"}, "url": {"type": "string"}}, "required": ["attributes", "bounding_box", "contained_within", "country", "country_code", "full_name", "id", "name", "place_type", "url"], "type": "object"}]}, "possibly_sensitive": {"type": "boolean"}, "retweet_count": {"type": "integer"}, "retweeted": {"type": "boolean"}, "source": {"type": "string"}, "truncated": {"type": "boolean"}, "user": {"properties": {"contributors_enabled": {"type": "boolean"}, "created_at": {"type": "string"}, "default_profile": {"type": "boolean"}, "default_profile_image": {"type": "boolean"}, "description": {"type": "string"}, "entities": {"properties": {"description": {"properties": {"urls": {"items": {"properties": {"display_url": {"type": "string"}, "expanded_url": {"type": "string"}, "indices": {"items": {"type": "integer"}, "type": "array"}, "url": {"type": "string"}}, "required": ["display_url", "expanded_url", "indices", "url"], "type": "object"}, "type": "array"}}, "required": ["urls"], "type": "object"}, "url": {"properties": {"urls": {"items": {"properties": {"display_url": {"type": "string"}, "expanded_url": {"type": "string"}, "indices": {"items": {"type": "integer"}, "type": "array"}, "url": {"type": "string"}}, "required": ["display_url", "expanded_url", "indices", "url"], "type": "object"}, "type": "array"}}, "required": ["urls"], "type": "object"}}, "required": ["description"], "type": "object"}, "favourites_count": {"type": "integer"}, "follow_request_sent": {"type": "boolean"}, "followers_count": {"type": "integer"}, "following": {"type": "boolean"}, "friends_count": {"type": "integer"}, "geo_enabled": {"type": "boolean"}, "has_extended_profile": {"type": "boolean"}, "id": {"type": "integer"}, "id_str": {"type": "string"}, "is_translation_enabled": {"type": "boolean"}, "is_translator": {"type": "boolean"}, "lang": {"type": "null"}, "listed_count": {"type": "integer"}, "location": {"type": "string"}, "name": {"type": "string"}, "notifications": {"type": "boolean"}, "profile_background_color": {"type": "string"}, "profile_background_image_url": {"type": ["null", "string"]}, "profile_background_image_url_https": {"type": ["null", "string"]}, "profile_background_tile": {"type": "boolean"}, "profile_banner_url": {"type": "string"}, "profile_image_url": {"type": "string"}, "profile_image_url_https": {"type": "string"}, "profile_link_color": {"type": "string"}, "profile_sidebar_border_color": {"type": "string"}, "profile_sidebar_fill_color": {"type": "string"}, "profile_text_color": {"type": "string"}, "profile_use_background_image": {"type": "boolean"}, "protected": {"type": "boolean"}, "screen_name": {"type": "string"}, "statuses_count": {"type": "integer"}, "time_zone": {"type": "null"}, "translator_type": {"type": "string"}, "url": {"type": ["null", "string"]}, "utc_offset": {"type": "null"}, "verified": {"type": "boolean"}}, "required": ["contributors_enabled", "created_at", "default_profile", "default_profile_image", "description", "entities", "favourites_count", "follow_request_sent", "followers_count", "following", "friends_count", "geo_enabled", "has_extended_profile", "id", "id_str", "is_translation_enabled", "is_translator", "lang", "listed_count", "location", "name", "notifications", "profile_background_color", "profile_background_image_url", "profile_background_image_url_https", "profile_background_tile", "profile_image_url", "profile_image_url_https", "profile_link_color", "profile_sidebar_border_color", "profile_sidebar_fill_color", "profile_text_color", "profile_use_background_image", "protected", "screen_name", "statuses_count", "time_zone", "translator_type", "url", "utc_offset", "verified"], "type": "object"}}, "required": ["contributors", "coordinates", "created_at", "display_text_range", "entities", "favorite_count", "favorited", "full_text", "geo", "id", "id_str", "in_reply_to_screen_name", "in_reply_to_status_id", "in_reply_to_status_id_str", "in_reply_to_user_id", "in_reply_to_user_id_str", "is_quote_status", "lang", "metadata", "place", "retweet_count", "retweeted", "source", "truncated", "user"], "type": "object"}, "source": {"type": "string"}, "truncated": {"type": "boolean"}, "user": {"properties": {"contributors_enabled": {"type": "boolean"}, "created_at": {"type": "string"}, "default_profile": {"type": "boolean"}, "default_profile_image": {"type": "boolean"}, "description": {"type": "string"}, "entities": {"properties": {"description": {"properties": {"urls": {"items": {"properties": {"display_url": {"type": "string"}, "expanded_url": {"type": "string"}, "indices": {"items": {"type": "integer"}, "type": "array"}, "url": {"type": "string"}}, "required": ["display_url", "expanded_url", "indices", "url"], "type": "object"}, "type": "array"}}, "required": ["urls"], "type": "object"}, "url": {"properties": {"urls": {"items": {"properties": {"display_url": {"type": "string"}, "expanded_url": {"type": "string"}, "indices": {"items": {"type": "integer"}, "type": "array"}, "url": {"type": "string"}}, "required": ["display_url", "expanded_url", "indices", "url"], "type": "object"}, "type": "array"}}, "required": ["urls"], "type": "object"}}, "required": ["description"], "type": "object"}, "favourites_count": {"type": "integer"}, "follow_request_sent": {"type": "boolean"}, "followers_count": {"type": "integer"}, "following": {"type": "boolean"}, "friends_count": {"type": "integer"}, "geo_enabled": {"type": "boolean"}, "has_extended_profile": {"type": "boolean"}, "id": {"type": "integer"}, "id_str": {"type": "string"}, "is_translation_enabled": {"type": "boolean"}, "is_translator": {"type": "boolean"}, "lang": {"type": "null"}, "listed_count": {"type": "integer"}, "location": {"type": "string"}, "name": {"type": "string"}, "notifications": {"type": "boolean"}, "profile_background_color": {"type": "string"}, "profile_background_image_url": {"type": ["null", "string"]}, "profile_background_image_url_https": {"type": ["null", "string"]}, "profile_background_tile": {"type": "boolean"}, "profile_banner_url": {"type": "string"}, "profile_image_url": {"type": "string"}, "profile_image_url_https": {"type": "string"}, "profile_link_color": {"type": "string"}, "profile_sidebar_border_color": {"type": "string"}, "profile_sidebar_fill_color": {"type": "string"}, "profile_text_color": {"type": "string"}, "profile_use_background_image": {"type": "boolean"}, "protected": {"type": "boolean"}, "screen_name": {"type": "string"}, "statuses_count": {"type": "integer"}, "time_zone": {"type": "null"}, "translator_type": {"type": "string"}, "url": {"type": ["null", "string"]}, "utc_offset": {"type": "null"}, "verified": {"type": "boolean"}}, "required": ["contributors_enabled", "created_at", "default_profile", "default_profile_image", "description", "entities", "favourites_count", "follow_request_sent", "followers_count", "following", "friends_count", "geo_enabled", "has_extended_profile", "id", "id_str", "is_translation_enabled", "is_translator", "lang", "listed_count", "location", "name", "notifications", "profile_background_color", "profile_background_image_url", "profile_background_image_url_https", "profile_background_tile", "profile_image_url", "profile_image_url_https", "profile_link_color", "profile_sidebar_border_color", "profile_sidebar_fill_color", "profile_text_color", "profile_use_background_image", "protected", "screen_name", "statuses_count", "time_zone", "translator_type", "url", "utc_offset", "verified"], "type": "object"}}, "required": ["contributors", "coordinates", "created_at", "display_text_range", "entities", "favorite_count", "favorited", "full_text", "geo", "id", "id_str", "in_reply_to_screen_name", "in_reply_to_status_id", "in_reply_to_status_id_str", "in_reply_to_user_id", "in_reply_to_user_id_str", "is_quote_status", "lang", "metadata", "place", "retweet_count", "retweeted", "source", "truncated", "user"], "type": "object"}, "type": "array"}