[
    {
        "a": 3,
        "d7": 0,
        "0xbacDEF = PASS\tqa": "baz j_jrkejjke_.baz"
    },
    {
        "a": 1.5,
        "b": [
            {
                "a": {
                    "b": "a",
                    "c": null
                }
            },
            {
                "a": {
                    "b": [1]
                }
            }
        ],
        "e": "fg",
        "0xA7Edcb = PASS\tffbec": "bar\n\f\ndkk348653_4jj.bar"
    },
    {
        "a": 1,
        "b": [
            {
                "a": {
                    "b": 1,
                    "c": 2,
                    "d": true
                }
            }
        ],
        "d3": -5
    },
    {
        "a": 2,
        "c": 3,
        "d1": 1,
        "d2": 3,
        "e": "abc",
        "0x031f9A = FAIL\taqbg": "foo \f\t \rblah.foo"
    }
]