[
    {
        "a": 3,
        "d7": 0
    },
    {
        "a": 1.5,
        "b": [
            {
                "a": {
                    "b": "a",
                    "c": null
                }
            },
            {
                "a": {
                    "b": [1]
                }
            }
        ]
    },
    {
        "a": 1,
        "b": [
            {
                "a": {
                    "b": 1,
                    "c": 2,
                    "d": true
                }
            }
        ],
        "d3": -5
    },
    {
        "a": 2,
        "c": 3,
        "d1": 1,
        "d2": 3
    }
]